# https://www.go-astronomy.com/herschel-objects.htm, open with lib.stars.catalog.Herschel400.java
# Herschel,NGC Number,Type,Common,Constellation
H1,NGC 40,PLANETARY NEBULA,Bow-Tie Nebula,Cepheus
H2,NGC 129,OPEN STAR CLUSTER,,Cassiopeia
H3,NGC 136,OPEN STAR CLUSTER,,Cassiopeia
H4,NGC 157,GALAXY,,Cetus
H5,NGC 185,GALAXY,,Cassiopeia
H6,NGC 205,GALAXY,,Andromeda
H7,NGC 225,OPEN STAR CLUSTER,,Cassiopeia
H8,NGC 246,PLANETARY NEBULA,,Cetus
H9,NGC 247,GALAXY,,Cetus
H10,NGC 253,GALAXY,Sculptor Galaxy,Sculptor
H11,NGC 278,GALAXY,,Cassiopeia
H12,NGC 288,GLOBULAR CLUSTER,,Sculptor
H13,NGC 381,OPEN STAR CLUSTER,,Cassiopeia
H14,NGC 404,GALAXY,,Andromeda
H15,NGC 436,OPEN STAR CLUSTER,,Cassiopeia
H16,NGC 457,OPEN STAR CLUSTER,Owl Cluster,Cassiopeia
H17,NGC 488,GALAXY,,Pisces
H18,NGC 524,GALAXY,,Pisces
H19,NGC 559,OPEN STAR CLUSTER,,Cassiopeia
H20,NGC 584,GALAXY,,Cetus
H21,NGC 596,GALAXY,,Cetus
H22,NGC 598,GALAXY,Triangulum Galaxy,Triangulum
H23,NGC 613,GALAXY,,Sculptor
H24,NGC 615,GALAXY,,Cetus
H25,NGC 637,OPEN STAR CLUSTER,,Cassiopeia
H26,NGC 651,PLANETARY NEBULA,Little Dumbbell Nebula,Perseus
H27,NGC 654,OPEN STAR CLUSTER,,Cassiopeia
H28,NGC 659,OPEN STAR CLUSTER,,Cassiopeia
H29,NGC 663,OPEN STAR CLUSTER,,Cassiopeia
H30,NGC 720,GALAXY,,Cetus
H31,NGC 752,OPEN STAR CLUSTER,,Andromeda
H32,NGC 772,GALAXY,,Aries
H33,NGC 779,GALAXY,,Cetus
H34,NGC 869,OPEN STAR CLUSTER,,Perseus
H35,NGC 884,OPEN STAR CLUSTER,,Perseus
H36,NGC 891,GALAXY,,Andromeda
H37,NGC 908,GALAXY,,Cetus
H38,NGC 936,GALAXY,,Cetus
H39,NGC 1022,GALAXY,,Cetus
H40,NGC 1023,GALAXY,,Perseus
H41,NGC 1027,OPEN STAR CLUSTER,,Cassiopeia
H42,NGC 1052,GALAXY,,Cetus
H43,NGC 1055,GALAXY,,Cetus
H44,NGC 1084,GALAXY,,Eridanus
H45,NGC 1245,OPEN STAR CLUSTER,,Perseus
H46,NGC 1342,OPEN STAR CLUSTER,,Perseus
H47,NGC 1407,GALAXY,,Eridanus
H48,NGC 1444,OPEN STAR CLUSTER,,Perseus
H49,NGC 1501,PLANETARY NEBULA,,Camelopardalis
H50,NGC 1502,OPEN STAR CLUSTER,,Camelopardalis
H51,NGC 1513,OPEN STAR CLUSTER,,Perseus
H52,NGC 1528,OPEN STAR CLUSTER,,Perseus
H53,NGC 1535,PLANETARY NEBULA,,Eridanus
H54,NGC 1545,OPEN STAR CLUSTER,,Perseus
H55,NGC 1647,OPEN STAR CLUSTER,,Taurus
H56,NGC 1664,OPEN STAR CLUSTER,,Auriga
H57,NGC 1788,REFLECTION NEBULA,,Orion
H58,NGC 1817,OPEN STAR CLUSTER,,Taurus
H59,NGC 1857,OPEN STAR CLUSTER,,Auriga
H60,NGC 1907,OPEN STAR CLUSTER,,Auriga
H61,NGC 1931,OPEN STAR CLUSTER,,Auriga
H62,NGC 1961,GALAXY,,Camelopardalis
H63,NGC 1964,GALAXY,,Lepus
H64,NGC 1980,REFLECTION NEBULA,Lost Jewel of Orion,Orion
H65,NGC 1999,REFLECTION NEBULA,,Orion
H66,NGC 2022,PLANETARY NEBULA,,Orion
H67,NGC 2024,REFLECTION NEBULA,Flame Nebula,Orion
H68,NGC 2126,OPEN STAR CLUSTER,,Auriga
H69,NGC 2129,OPEN STAR CLUSTER,,Gemini
H70,NGC 2158,OPEN STAR CLUSTER,,Gemini
H71,NGC 2169,OPEN STAR CLUSTER,,Orion
H72,NGC 2185,REFLECTION NEBULA,,Monoceros
H73,NGC 2186,OPEN STAR CLUSTER,,Orion
H74,NGC 2194,OPEN STAR CLUSTER,,Orion
H75,NGC 2204,OPEN STAR CLUSTER,,Canis Major
H76,NGC 2215,OPEN STAR CLUSTER,,Monoceros
H77,NGC 2232,OPEN STAR CLUSTER,,Monoceros
H78,NGC 2244,OPEN STAR CLUSTER,,Monoceros
H79,NGC 2251,OPEN STAR CLUSTER,,Monoceros
H80,NGC 2264,OPEN STAR CLUSTER,Cone Nebula,Monoceros
H81,NGC 2266,OPEN STAR CLUSTER,,Gemini
H82,NGC 2281,OPEN STAR CLUSTER,,Auriga
H83,NGC 2286,OPEN STAR CLUSTER,,Monoceros
H84,NGC 2301,OPEN STAR CLUSTER,,Monoceros
H85,NGC 2304,OPEN STAR CLUSTER,,Gemini
H86,NGC 2311,OPEN STAR CLUSTER,,Monoceros
H87,NGC 2324,OPEN STAR CLUSTER,,Monoceros
H88,NGC 2335,OPEN STAR CLUSTER,,Monoceros
H89,NGC 2343,OPEN STAR CLUSTER,Christmas Tree Cluster,
H90,NGC 2353,OPEN STAR CLUSTER,,Monoceros
H91,NGC 2354,OPEN STAR CLUSTER,,Canis Major
H92,NGC 2355,OPEN STAR CLUSTER,,Gemini
H93,NGC 2360,OPEN STAR CLUSTER,,Canis Major
H94,NGC 2362,OPEN STAR CLUSTER,Tau Canis Majoris Cluster,Canis Major
H95,NGC 2371,PLANETARY NEBULA,,Gemini
H96,NGC 2372,PLANETARY NEBULA,,Gemini
H97,NGC 2392,PLANETARY NEBULA,Eskimo Nebula,Gemini
H98,NGC 2395,OPEN STAR CLUSTER,,Gemini
H99,NGC 2403,GALAXY,,Camelopardalis
H100,NGC 2419,GLOBULAR CLUSTER,,Lynx
H101,NGC 2420,OPEN STAR CLUSTER,,Gemini
H102,NGC 2421,OPEN STAR CLUSTER,,Puppis
H103,NGC 2422,OPEN STAR CLUSTER,,Puppis
H104,NGC 2423,OPEN STAR CLUSTER,,Puppis
H105,NGC 2438,PLANETARY NEBULA,,Puppis
H106,NGC 2440,PLANETARY NEBULA,,Puppis
H107,NGC 2479,OPEN STAR CLUSTER,,Puppis
H108,NGC 2482,OPEN STAR CLUSTER,,Puppis
H109,NGC 2489,OPEN STAR CLUSTER,,Puppis
H110,NGC 2506,OPEN STAR CLUSTER,,Monoceros
H111,NGC 2509,OPEN STAR CLUSTER,,Puppis
H112,NGC 2527,OPEN STAR CLUSTER,,Puppis
H113,NGC 2539,OPEN STAR CLUSTER,,Puppis
H114,NGC 2548,OPEN STAR CLUSTER,,Hydra
H115,NGC 2567,OPEN STAR CLUSTER,,Puppis
H116,NGC 2571,OPEN STAR CLUSTER,,Puppis
H117,NGC 2613,OPEN STAR CLUSTER,,Pyxis
H118,NGC 2627,OPEN STAR CLUSTER,,Pyxis
H119,NGC 2655,GALAXY,,Camelopardalis
H120,NGC 2681,GALAXY,,Ursa Major
H121,NGC 2683,GALAXY,,Lynx
H122,NGC 2742,GALAXY,,Ursa Major
H123,NGC 2768,GALAXY,,Ursa Major
H124,NGC 2775,GALAXY,,Cancer
H125,NGC 2782,GALAXY,,Lynx
H126,NGC 2787,GALAXY,,Ursa Major
H127,NGC 2811,GALAXY,,Hydra
H128,NGC 2841,GALAXY,,Ursa Major
H129,NGC 2859,GALAXY,,Leo Minor
H130,NGC 2903,GALAXY,,Leo
H131,NGC 2950,GALAXY,,Ursa Major
H132,NGC 2964,GALAXY,,Leo
H133,NGC 2974,GALAXY,,Sextans
H134,NGC 2976,GALAXY,,Ursa Major
H135,NGC 2985,GALAXY,,Ursa Major
H136,NGC 3034,GALAXY,Cigar Galaxy,Ursa Major
H137,NGC 3077,GALAXY,,Ursa Major
H138,NGC 3079,GALAXY,,Ursa Major
H139,NGC 3115,GALAXY,Spindle Galaxy,Sextans
H140,NGC 3147,GALAXY,,Draco
H141,NGC 3166,GALAXY,,Sextans
H142,NGC 3169,GALAXY,,Sextans
H143,NGC 3184,GALAXY,,Ursa Major
H144,NGC 3190,GALAXY,,Leo
H145,NGC 3193,GALAXY,,Leo
H146,NGC 3198,GALAXY,,Ursa Major
H147,NGC 3226,GALAXY,,Leo
H148,NGC 3227,GALAXY,,Leo
H149,NGC 3242,PLANETARY NEBULA,Ghost of Jupiter,Hydra
H150,NGC 3245,GALAXY,,Leo Minor
H151,NGC 3277,GALAXY,,Leo Minor
H152,NGC 3294,GALAXY,,Leo Minor
H153,NGC 3310,GALAXY,,Ursa Major
H154,NGC 3344,GALAXY,,Leo Minor
H155,NGC 3377,GALAXY,,Leo
H156,NGC 3379,GALAXY,,Leo
H157,NGC 3384,GALAXY,,Leo
H158,NGC 3395,GALAXY,,Leo Minor
H159,NGC 3412,GALAXY,,Leo
H160,NGC 3414,GALAXY,,Leo Minor
H161,NGC 3432,GALAXY,,Leo Minor
H162,NGC 3486,GALAXY,,Leo Minor
H163,NGC 3489,GALAXY,,Leo
H164,NGC 3504,GALAXY,,Leo Minor
H165,NGC 3521,GALAXY,,Leo
H166,NGC 3556,GALAXY,,Ursa Major
H167,NGC 3593,GALAXY,,Leo
H168,NGC 3607,GALAXY,,Leo
H169,NGC 3608,GALAXY,,Leo
H170,NGC 3610,GALAXY,,Ursa Major
H171,NGC 3613,GALAXY,,Ursa Major
H172,NGC 3619,GALAXY,,Ursa Major
H173,NGC 3621,GALAXY,,Hydra
H174,NGC 3626,GALAXY,,Leo
H175,NGC 3628,GALAXY,,Leo
H176,NGC 3631,GALAXY,,Ursa Major
H177,NGC 3640,GALAXY,,Leo
H178,NGC 3655,GALAXY,,Leo
H179,NGC 3665,GALAXY,,Ursa Major
H180,NGC 3675,GALAXY,,Ursa Major
H181,NGC 3686,GALAXY,,Leo
H182,NGC 3726,GALAXY,,Ursa Major
H183,NGC 3729,GALAXY,,Ursa Major
H184,NGC 3810,GALAXY,,Leo
H185,NGC 3813,GALAXY,,Ursa Major
H186,NGC 3877,GALAXY,,Ursa Major
H187,NGC 3893,GALAXY,,Ursa Major
H188,NGC 3898,GALAXY,,Ursa Major
H189,NGC 3900,GALAXY,,Leo
H190,NGC 3912,GALAXY,,Leo
H191,NGC 3912,GALAXY,,Ursa Major
H192,NGC 3941,GALAXY,,Ursa Major
H193,NGC 3945,GALAXY,,Ursa Major
H194,NGC 3949,GALAXY,,Ursa Major
H195,NGC 3953,GALAXY,,Ursa Major
H196,NGC 3962,GALAXY,,Crater
H197,NGC 3982,GALAXY,,Ursa Major
H198,NGC 3992,GALAXY,,Ursa Major
H199,NGC 3998,GALAXY,,Ursa Major
H200,NGC 4026,GALAXY,,Ursa Major
H201,NGC 4027,GALAXY,,Corvus
H202,NGC 4030,GALAXY,,Virgo
H203,NGC 4036,GALAXY,,Ursa Major
H204,NGC 4038,GALAXY,Antenna Galaxies,Corvus
H205,NGC 4041,GALAXY,,Ursa Major
H206,NGC 4051,GALAXY,,Ursa Major
H207,NGC 4085,GALAXY,,Ursa Major
H208,NGC 4088,GALAXY,,Ursa Major
H209,NGC 4102,GALAXY,,Ursa Major
H210,NGC 4111,GALAXY,,Canes Venatici
H211,NGC 4143,GALAXY,,Canes Venatici
H212,NGC 4147,GLOBULAR CLUSTER,,Coma Berenices
H213,NGC 4150,GALAXY,,Coma Berenices
H214,NGC 4151,GALAXY,,Canes Venatici
H215,NGC 4179,GALAXY,,Virgo
H216,NGC 4203,GALAXY,,Coma Berenices
H217,NGC 4214,GALAXY,,Canes Venatici
H218,NGC 4216,GALAXY,,Virgo
H219,NGC 4245,GALAXY,,Coma Berenices
H220,NGC 4251,GALAXY,,Coma Berenices
H221,NGC 4258,GALAXY,,Canes Venatici
H222,NGC 4261,GALAXY,,Virgo
H223,NGC 4273,GALAXY,,Virgo
H224,NGC 4274,GALAXY,,Coma Berenices
H225,NGC 4278,GALAXY,,Coma Berenices
H226,NGC 4281,GALAXY,,Virgo
H227,NGC 4293,GALAXY,,Coma Berenices
H228,NGC 4303,GALAXY,,Virgo
H229,NGC 4314,GALAXY,,Coma Berenices
H230,NGC 4346,GALAXY,,Canes Venatici
H231,NGC 4350,GALAXY,,Coma Berenices
H232,NGC 4361,PLANETARY NEBULA,,Corvus
H233,NGC 4365,GALAXY,,Virgo
H234,NGC 4371,GALAXY,,Virgo
H235,NGC 4394,GALAXY,,Coma Berenices
H236,NGC 4414,GALAXY,,Coma Berenices
H237,NGC 4419,GALAXY,,Coma Berenices
H238,NGC 4429,GALAXY,,Virgo
H239,NGC 4435,GALAXY,,Virgo
H240,NGC 4438,GALAXY,The Eyes,Virgo
H241,NGC 4442,GALAXY,,Virgo
H242,NGC 4448,GALAXY,,Coma Berenices
H243,NGC 4449,GALAXY,,Canes Venatici
H244,NGC 4450,GALAXY,,Coma Berenices
H245,NGC 4459,GALAXY,,Coma Berenices
H246,NGC 4473,GALAXY,,Coma Berenices
H247,NGC 4477,GALAXY,,Coma Berenices
H248,NGC 4478,GALAXY,,Virgo
H249,NGC 4485,GALAXY,,Canes Venatici
H250,NGC 4490,GALAXY,,Canes Venatici
H251,NGC 4494,GALAXY,,Coma Berenices
H252,NGC 4526,GALAXY,,Virgo
H253,NGC 4527,GALAXY,,Virgo
H254,NGC 4535,GALAXY,,Virgo
H255,NGC 4536,GALAXY,,Virgo
H256,NGC 4546,GALAXY,,Virgo
H257,NGC 4548,GALAXY,,Coma Berenices
H258,NGC 4550,GALAXY,,Virgo
H259,NGC 4559,GALAXY,,Coma Berenices
H260,NGC 4565,GALAXY,Needle Galaxy,Coma Berenices
H261,NGC 4570,GALAXY,,Virgo
H262,NGC 4594,GALAXY,Sombrero Galaxy,Virgo
H263,NGC 4596,GALAXY,,Virgo
H264,NGC 4618,GALAXY,,Canes Venatici
H265,NGC 4631,GALAXY,Whale Galaxy,Canes Venatici
H266,NGC 4636,GALAXY,,Virgo
H267,NGC 4643,GALAXY,,Virgo
H268,NGC 4654,GALAXY,,Virgo
H269,NGC 4656,GALAXY,Hockey Stick Galaxy,Canes Venatici
H270,NGC 4660,GALAXY,,Virgo
H271,NGC 4665,GALAXY,,Virgo
H272,NGC 4666,GALAXY,,Virgo
H273,NGC 4689,GALAXY,,Coma Berenices
H274,NGC 4697,GALAXY,,Virgo
H275,NGC 4698,GALAXY,,Virgo
H276,NGC 4669,GALAXY,,Virgo
H277,NGC 4725,GALAXY,,Coma Berenices
H278,NGC 4753,GALAXY,,Virgo
H279,NGC 4754,GALAXY,,Virgo
H280,NGC 4762,GALAXY,,Virgo
H281,NGC 4781,GALAXY,,Virgo
H282,NGC 4800,GALAXY,,Canes Venatici
H283,NGC 4845,GALAXY,,Virgo
H284,NGC 4856,GALAXY,,Virgo
H285,NGC 4866,GALAXY,,Virgo
H286,NGC 4900,GALAXY,,Virgo
H287,NGC 4958,GALAXY,,Virgo
H288,NGC 4995,GALAXY,,Virgo
H289,NGC 5005,GALAXY,,Canes Venatici
H290,NGC 5033,GALAXY,,Canes Venatici
H291,NGC 5054,GALAXY,,Virgo
H292,NGC 5195,GALAXY,Whirlpool Galaxy companion,Canes Venatici
H293,NGC 5248,GALAXY,,Bootes
H294,NGC 5273,GALAXY,,Canes Venatici
H295,NGC 5322,GALAXY,,Ursa Major
H296,NGC 5363,GALAXY,,Virgo
H297,NGC 5364,GALAXY,,Virgo
H298,NGC 5466,GLOBULAR CLUSTER,,Bootes
H299,NGC 5473,GALAXY,,Ursa Major
H300,NGC 5474,GALAXY,,Ursa Major
H301,NGC 5557,GALAXY,,Bootes
H302,NGC 5566,GALAXY,,Virgo
H303,NGC 5576,GALAXY,,Virgo
H304,NGC 5631,GALAXY,,Ursa Major
H305,NGC 5634,GLOBULAR CLUSTER,,Virgo
H306,NGC 5676,GALAXY,,Bootes
H307,NGC 5689,GALAXY,,Bootes
H308,NGC 5694,GLOBULAR CLUSTER,,Hydra
H309,NGC 5746,GALAXY,,Virgo
H310,NGC 5846,GALAXY,,Virgo
H311,NGC 5866,GALAXY,Spindle Galaxy,Draco
H312,NGC 5897,GLOBULAR CLUSTER,,Libra
H313,NGC 5907,GALAXY,,Draco
H314,NGC 5982,GALAXY,,Draco
H315,NGC 6118,GALAXY,,Serpens
H316,NGC 6144,GLOBULAR CLUSTER,,Scorpius
H317,NGC 6171,GALAXY,,Ophiuchus
H318,NGC 6207,GALAXY,,Hercules
H319,NGC 6217,GALAXY,,Ursa Minor
H320,NGC 6229,GLOBULAR CLUSTER,,Hercules
H321,NGC 6235,GLOBULAR CLUSTER,,Ophiuchus
H322,NGC 6284,GLOBULAR CLUSTER,,Ophiuchus
H323,NGC 6287,GLOBULAR CLUSTER,,Ophiuchus
H324,NGC 6293,GLOBULAR CLUSTER,,Ophiuchus
H325,NGC 6304,GLOBULAR CLUSTER,,Ophiuchus
H326,NGC 6316,GLOBULAR CLUSTER,,Ophiuchus
H327,NGC 6342,GLOBULAR CLUSTER,,Ophiuchus
H328,NGC 6355,GLOBULAR CLUSTER,,Ophiuchus
H329,NGC 6356,GLOBULAR CLUSTER,,Ophiuchus
H330,NGC 6369,PLANETARY NEBULA,Little Ghost Nebula,Ophiuchus
H331,NGC 6401,GLOBULAR CLUSTER,,Ophiuchus
H332,NGC 6426,GLOBULAR CLUSTER,,Ophiuchus
H333,NGC 6440,GLOBULAR CLUSTER,,Sagittarius
H334,NGC 6445,PLANETARY NEBULA,Box Nebula,Sagittarius
H335,NGC 6451,OPEN STAR CLUSTER,,Scorpius
H336,NGC 6514,REFLECTION NEBULA,Triffid Nebula,Sagittarius
H337,NGC 6517,GLOBULAR CLUSTER,,Ophiuchus
H338,NGC 6520,OPEN STAR CLUSTER,,Sagittarius
H339,NGC 6522,GLOBULAR CLUSTER,,Sagittarius
H340,NGC 6528,GLOBULAR CLUSTER,,Sagittarius
H341,NGC 6540,OPEN STAR CLUSTER,,Sagittarius
H342,NGC 6543,PLANETARY NEBULA,Cats Eye Nebula,Draco
H343,NGC 6544,GLOBULAR CLUSTER,,Sagittarius
H344,NGC 6553,GLOBULAR CLUSTER,,Sagittarius
H345,NGC 6568,OPEN STAR CLUSTER,,Sagittarius
H346,NGC 6569,GLOBULAR CLUSTER,,Sagittarius
H347,NGC 6583,OPEN STAR CLUSTER,,Sagittarius
H348,NGC 6624,GLOBULAR CLUSTER,,Sagittarius
H349,NGC 6629,PLANETARY NEBULA,,Sagittarius
H350,NGC 6633,OPEN STAR CLUSTER,,Ophiuchus
H351,NGC 6638,GLOBULAR CLUSTER,,Sagittarius
H352,NGC 6642,GLOBULAR CLUSTER,,Sagittarius
H353,NGC 6645,OPEN STAR CLUSTER,,Sagittarius
H354,NGC 6664,OPEN STAR CLUSTER,,Scutum
H355,NGC 6712,GLOBULAR CLUSTER,,Scutum
H356,NGC 6755,OPEN STAR CLUSTER,,Aquila
H357,NGC 6756,OPEN STAR CLUSTER,,Aquila
H358,NGC 6781,PLANETARY NEBULA,,Aquila
H359,NGC 6802,OPEN STAR CLUSTER,,Vulpecula
H360,NGC 6818,PLANETARY NEBULA,Little Gem Nebula,Sagittarius
H361,NGC 6823,OPEN STAR CLUSTER,,Vulpecula
H362,NGC 6826,PLANETARY NEBULA,Blinking Planetary,Cygnus
H363,NGC 6830,OPEN STAR CLUSTER,,Vulpecula
H364,NGC 6834,OPEN STAR CLUSTER,,Cygnus
H365,NGC 6866,OPEN STAR CLUSTER,,Cygnus
H366,NGC 6882,OPEN STAR CLUSTER,,Vulpecula
H367,NGC 6885,GALAXY,,Vulpecula
H368,NGC 6905,PLANETARY NEBULA,Blue Flash Nebula,Delphinus
H369,NGC 6910,OPEN STAR CLUSTER,,Cygnus
H370,NGC 6934,GALAXY,,Delphinus
H371,NGC 6939,OPEN STAR CLUSTER,,Cepheus
H372,NGC 6940,OPEN STAR CLUSTER,,Vulpecula
H373,NGC 6946,GALAXY,Fireworks Galaxy,Cepheus
H374,NGC 7000,REFLECTION NEBULA,N. American Nebula,Cygnus
H375,NGC 7006,GALAXY,,Delphinus
H376,NGC 7008,PLANETARY NEBULA,Fetus Nebula,Cygnus
H377,NGC 7009,PLANETARY NEBULA,Saturn Nebula,Aquarius
H378,NGC 7044,OPEN STAR CLUSTER,,Cygnus
H379,NGC 7062,OPEN STAR CLUSTER,,Cygnus
H380,NGC 7086,OPEN STAR CLUSTER,,Cygnus
H381,NGC 7128,OPEN STAR CLUSTER,,Cygnus
H382,NGC 7142,OPEN STAR CLUSTER,,Cepheus
H383,NGC 7160,OPEN STAR CLUSTER,,Cepheus
H384,NGC 7209,OPEN STAR CLUSTER,,Lacerta
H385,NGC 7217,GALAXY,,Pegasus
H386,NGC 7243,OPEN STAR CLUSTER,,Lacerta
H387,NGC 7296,OPEN STAR CLUSTER,,Lacerta
H388,NGC 7331,GALAXY,,Pegasus
H389,NGC 7380,EMISSION NEBULA AND OPEN STAR CLUSTER,Wizard Nebula,Cepheus
H390,NGC 7448,GALAXY,,Pegasus
H391,NGC 7479,GALAXY,,Pegasus
H392,NGC 7510,OPEN STAR CLUSTER,,Cepheus
H393,NGC 7606,GALAXY,,Aquarius
H394,NGC 7662,PLANETARY NEBULA,Blue Snowball,Andromeda
H395,NGC 7686,OPEN STAR CLUSTER,,Andromeda
H396,NGC 7723,GALAXY,,Aquarius
H397,NGC 7727,GALAXY,,Aquarius
H398,NGC 7789,OPEN STAR CLUSTER,Caroline's Rose,Cassiopeia
H399,NGC 7790,OPEN STAR CLUSTER,,Cassiopeia
H400,NGC 7814,GALAXY,,Pegasus
