NGC 2169,37 Cluster
NGC 104,47 Tucanae
NGC 224,Andromeda Galaxy
NGC 221,Andromeda Satellite #1
NGC 6838,Angelfish Cluster
NGC 4038,Antennae Galaxy A
NGC 4039,Antennae Galaxy B
NGC 6822,Barnard's Galaxy
NGC 2632,Beehive Cluster
NGC 4826,Black Eye Galaxy
NGC 6613,Black Swan Cluster
NGC 6826,Blinking Planetary
NGC 6905,Blue Flash Nebula
NGC 7662,Blue Snowball
NGC 3031,Bode's Galaxy
NGC 40,Bow-Tie Nebula
NGC 6445,Box Nebula
NGC 7635,Bubble Nebula
NGC 6302,Bug Nebula
NGC 6405,Butterfly Cluster
NGC 2360,Caroline's Cluster
NGC 7789,Caroline's Haystack
NGC 7789,Caroline's Rose
NGC 2068,Casper the Friendly Ghost Nebula
NGC 4736,Cat's Eye Galaxy
NGC 6543,Cat's Eye Nebula
Sh2-155,Cave Nebula
NGC 5128,Centaurus A
NGC 1068,Cetus A Galaxy
NGC 6618,Checkmark Nebula
NGC 884,Chi Persei Cluster
NGC 2264,Christmas Tree Cluster
NGC 3034,Cigar Galaxy
NGC 2392,Clown Face Nebula
C99,Coalsack Nebula
IC 5146,Cocoon Nebula
NGC 4889,Coma B
NGC 2264,Cone Nebula
NGC 6913,Cooling Tower
NGC 650,Cork Nebula
NGC 1952,Crab Nebula
NGC 6888,Crescent Nebula
NGC 2447,Critter Cluster
NGC 4736,Crocodile Eye Galaxy
NGC 6171,Crucifix Cluster
NGC 1982,De Mairan's Nebula
NGC 869,Double Cluster A
NGC 884,Double Cluster B
NGC 6853,Dumbbell Nebula
NGC 457,E.T. Cluster
NGC 6611,Eagle Nebula
NGC 6992,East Veil Nebula
NGC 3132,Eight Burst Nebula
NGC 2392,Eskimo Nebula
NGC 3372,Eta Carinae Nebula
NGC 7008,Fetus Nebula
NGC 6946,Fireworks Galaxy
NGC 2024,Flame Nebula
IC 405,Flaming Star Nebula
NGC 6266,Flickering Globular
NGC 3242,Ghost of Jupiter
NGC 6205,Great Hercules Cluster
NGC 1976,Great Orion Nebula
NGC 6752,Great Peacock Globular
NGC 7078,Great Pegasus Cluster
NGC 6656,Great Sagittarius Cluster
NGC 869,H Persei of Double Cluster
NGC 2323,Heart-Shaped Cluster
NGC 7293,Helix Nebula
IC 342,Hidden Galaxy
NGC 4656,Hockey Stick Galaxy
NGC 6618,Horseshoe
NGC 2261,Hubble's Variable Nebula
Mel 25,Hyades
NGC 7023,Iris Nebula
NGC 7099,Jellyfish Cluster
NGC 4755,Jewel Box
NGC 2682,King Cobra Cluster
NGC 6523,Lagoon Nebula
IC 2944,Lambda Centauri Nebula
NGC 3623,Leo Triplet
NGC 3627,Leo Triplet
NGC 2287,Little Beehive Cluster
NGC 650,Little Dumbbell Nebula
NGC 6818,Little Gem Nebula
NGC 6369,Little Ghost Nebula
NGC 6618,Lobster
NGC 5195,Messier 51b
NGC 4321,Mirror Galaxy
NGC 4565,Needle Galaxy
NGC 7000,North America Nebula
NGC 6618,Omega
NGC 5139,Omega Centauri
IC 2391,Omicron Velorum Cluster
NGC 457,Owl Cluster
NGC 3587,Owl Nebula
NGC 1501,Oyster Nebula
NGC 3766,Pearl Cluster
NGC 1275,Perseus A
NGC 628,Phantom Galaxy
NGC 1960,Pinwheel Cluster
NGC 5457,Pinwheel Galaxy
NGC 598,Pinwheel Galaxy
NGC 188,Polarissima Cluster
NGC 2632,Praesepe
NGC 6475,Ptolemy's Cluster
NGC 6729,R CrA Nebula
NGC 6720,Ring Nebula
NGC 5904,Rose Cluster
NGC 2237,Rosette Nebula
NGC 6087,S Normae Cluster
NGC 2099,Salt and Pepper Cluster
NGC 2244,Satellite Cluster
NGC 7009,Saturn Nebula
NGC 7654,Scorpion Cluster
NGC 253,Sculptor Galaxy
NGC 300,Sculptor Pinwheel Galaxy
NGC 2168,Shoe-Buckle Cluster
NGC 253,Silver Coin Galaxy
NGC 891,Silver Sliver Galaxy
NGC 246,Skull Nebula
IC 4715,Small Sagittarius Star Cloud
NGC 4486,Smoking Gun Galaxy
NGC 4594,Sombrero Galaxy
NGC 2516,Southern Beehive Cluster
NGC 5236,Southern Pinwheel Galaxy
NGC 6809,Specter Cluster
NGC 6121,Spider Globular
NGC 3115,Spindle Galaxy
NGC 5866,Spindle Galaxy
NGC 1039,Spiral Cluster
NGC 1068,Squid Galaxy
NGC 4254,St. Catherine's Wheel
NGC 1912,Starfish Cluster
NGC 55,String of Pearls Galaxy
M45,Pleiades
M45,Seven Sisters
M45,Subaru
NGC 5055,Sunflower Galaxy
NGC 7479,Superman Galaxy
NGC 3556,Surfboard Galaxy
NGC 6618,Swan
NGC 4303,Swelling Spiral
NGC 2070,Tarantula Nebula
NGC 2362,Tau Canis Majoris Cluster
NGC 4435,The Eyes
NGC 4438,The Eyes
IC 2602,Theta Car Cluster
NGC 598,Triangulum Galaxy
NGC 6514,Trifid Nebula
NGC 3992,Vacuum Cleaner Galaxy
NGC 4486,Virgo A Galaxy
NGC 6531,Webb's Cross Cluster
NGC 6960,West Veil Nebula
NGC 4631,Whale Galaxy
NGC 5194,Whirlpool Galaxy
NGC 7789,White Rose Cluster
NGC 6705,Wild Duck Cluster
M40,Winnecke-4
NGC 3532,Wishing Well Cluster
NGC 7380,Wizard Nebula
