C85,IC 2391,Omicron Velorum Cluster,Open Cluster
C102,IC 2602,Theta Car Cluster,Open Cluster
C100,IC 2944,Lambda Centauri Nebula,Open Cluster and Nebula
C5,IC 342,Hidden Galaxy,Spiral Galaxy
C31,IC 405,Flaming Star Nebula,Nebula
M24,IC 4715,Small Sagittarius Star Cloud,Milky Way star cloud
C19,IC 5146,Cocoon Nebula,Open Cluster and Nebula
C41,Mel 25,Hyades,Open Cluster
M32,NGC 221,Andromeda Satellite #1,Dwarf elliptical galaxy
M31,NGC 224,Andromeda Galaxy,Spiral galaxy
M33,NGC 598,Triangulum/Pinwheel Galaxy,Spiral galaxy
M74,NGC 628,Phantom Galaxy,Spiral galaxy
M76,NGC 650,Little Dumbbell Nebula,Planetary nebula
M34,NGC 1039,Spiral Cluster,Open cluster
C106,NGC 104,47 Tucanae,Globular Cluster
M77,NGC 1068,Cetus A or Squid Galaxy,Spiral galaxy
C24,NGC 1275,Perseus A,Supergiant Elliptical Galaxy
H53-IV,NGC 1501,Oyster Nebula,Planetary Nebula
C1,NGC 188,Polarissima Cluster,Open Cluster
M38,NGC 1912,Starfish Cluster,Open cluster
M1,NGC 1952,Crab Nebula,Supernova remnant
M36,NGC 1960,Pinwheel Cluster,Open cluster
M42,NGC 1976,Great Orion Nebula,H II region nebula
M43,NGC 1982,De Mairan's Nebula,H II region nebula
H28-V,NGC 2024,Flame Nebula,Nebula
M78,NGC 2068,Casper the Friendly Ghost Nebula,Diffuse nebula
C103,NGC 2070,Tarantula Nebula,Open Cluster and Nebula
M37,NGC 2099,Salt and Pepper Cluster,Open cluster
M35,NGC 2168,Shoe-Buckle Cluster,Open cluster
H24-VIII,NGC 2169,37 Cluster,Open Cluster
C49,NGC 2237,Rosette Nebula,Nebula
C50,NGC 2244,Satellite Cluster,Open Cluster
C46,NGC 2261,Hubble's Variable Nebula,Nebula
H27-V,NGC 2264,Christmas Tree Cluster and Cone Nebula,Open Cluster and Nebula
M41,NGC 2287,Little Beehive Cluster,Open cluster
M50,NGC 2323,Heart-Shaped Cluster,Open cluster
C58,NGC 2360,Caroline's Cluster,Open Cluster
C64,NGC 2362,Tau Canis Majoris Cluster,Open Cluster and Nebula
C39,NGC 2392,Eskimo Nebula,Planetary Nebula
C39,NGC 2392,Clown Face Nebula,Planetary Nebula
M93,NGC 2447,Critter Cluster,Open cluster
C56,NGC 246,Skull Nebula,Planetary Nebula
C96,NGC 2516,Southern Beehive Cluster,Open Cluster
C65,NGC 253,Sculptor Galaxy,Spiral Galaxy
C65,NGC 253,Silver Coin Galaxy,Galaxy
M44,NGC 2632,Beehive Cluster or Praesepe,Open cluster
M67,NGC 2682,King Cobra Cluster,Open cluster
C70,NGC 300,Sculptor Pinwheel Galaxy,Spiral Galaxy
M81,NGC 3031,Bode's Galaxy,Spiral galaxy
M82,NGC 3034,Cigar Galaxy,Starburst galaxy
C53,NGC 3115,Spindle Galaxy,Lenticular Galaxy
C74,NGC 3132,Eight Burst Nebula,Planetary Nebula
C59,NGC 3242,Ghost of Jupiter,Planetary Nebula
C92,NGC 3372,Eta Carinae Nebula,Nebula
C91,NGC 3532,Wishing Well Cluster,Open Cluster
M108,NGC 3556,Surfboard Galaxy,Barred Spiral galaxy
M97,NGC 3587,Owl Nebula,Planetary nebula
M65,NGC 3623,Leo Triplet,Barred Spiral galaxy
M66,NGC 3627,Leo Triplet,Barred Spiral galaxy
C97,NGC 3766,Pearl Cluster,Open Cluster
M109,NGC 3992,Vacuum Cleaner Galaxy,Barred Spiral galaxy
C2,NGC 40,Bow-Tie Nebula,Planetary Nebula
C60,NGC 4038,Antennae Galaxies,Interacting galaxy
C61,NGC 4039,Antennae Galaxies,Interacting galaxy
M99,NGC 4254,St. Catherine's Wheel,Spiral galaxy
M61,NGC 4303,Swelling Spiral,Spiral galaxy
M100,NGC 4321,Mirror Galaxy,Spiral galaxy
H28-I,NGC 4435,The Eyes,Galaxy
H28-I,NGC 4438,The Eyes,Galaxy
M87,NGC 4486,Virgo A or Smoking Gun Galaxy,Elliptical galaxy
C38,NGC 4565,Needle Galaxy,Spiral Galaxy
C13,NGC 457,Owl Cluster,Open Cluster
C13,NGC 457,E.T. Cluster,Open Cluster
M104,NGC 4594,Sombrero Galaxy,Spiral galaxy
C32,NGC 4631,Whale Galaxy,Barred Spiral Galaxy
H176-I,NGC 4656,Hockey Stick Galaxy,Galaxy
M94,NGC 4736,Crocodile Eye Galaxy,Spiral galaxy
M94,NGC 4736,Cat's Eye Galaxy,Spiral galaxy
C94,NGC 4755,Jewel Box,Open Cluster
M64,NGC 4826,Black Eye Galaxy,Spiral galaxy
C35,NGC 4889,Coma B,Supergiant Elliptical Galaxy
M63,NGC 5055,Sunflower Galaxy,Spiral galaxy
C77,NGC 5128,Centaurus A,Elliptical or Lenticular Galaxy
C80,NGC 5139,Omega Centauri,Globular Cluster
M51,NGC 5194,Whirlpool Galaxy,Spiral galaxy
H186-I,NGC 5195,Messier 51b,Galaxy
M83,NGC 5236,Southern Pinwheel Galaxy,Barred Spiral galaxy
M101,NGC 5457,Pinwheel Galaxy,Spiral galaxy
C72,NGC 55,String of Pearls Galaxy,Barred Spiral Galaxy
M102,NGC 5866,Spindle Galaxy,Lenticular galaxy
M5,NGC 5904,Rose Cluster,Globular cluster
M33,NGC 598,Triangulum Galaxy,Galaxy
C89,NGC 6087,S Normae Cluster,Open Cluster
M4,NGC 6121,Spider Globular,Globular cluster
M107,NGC 6171,Crucifix Cluster,Globular cluster
M13,NGC 6205,Great Hercules Cluster,Globular cluster
M62,NGC 6266,Flickering Globular,Globular cluster
C69,NGC 6302,Bug Nebula,Planetary Nebula
H11-IV,NGC 6369,Little Ghost Nebula,Planetary Nebula
M6,NGC 6405,Butterfly Cluster,Open cluster
H586-II,NGC 6445,Box Nebula,Planetary Nebula
M7,NGC 6475,Ptolemy's Cluster,Open cluster
M76,NGC 650,Little Dumbbell Nebula,Planetary Nebula
M76,NGC 650,Cork Nebula,Planetary Nebula
M20,NGC 6514,Trifid Nebula,H II region nebula with cluster
M8,NGC 6523,Lagoon Nebula,Nebula with cluster
M21,NGC 6531,Webb's Cross Cluster,Open cluster
C6,NGC 6543,Cat's Eye Nebula,Planetary Nebula
M16,NGC 6611,Eagle Nebula,H II region nebula with cluster
M18,NGC 6613,Black Swan Cluster,Open cluster
M17,NGC 6618,Omega,H II region nebula with cluster
M17,NGC 6618,Swan,H II region nebula with cluster
M17,NGC 6618,Horseshoe,H II region nebula with cluster
M17,NGC 6618,Lobster,H II region nebula with cluster
M17,NGC 6618,Checkmark Nebula,H II region nebula with cluster
M22,NGC 6656,Great Sagittarius Cluster,Globular cluster
M11,NGC 6705,Wild Duck Cluster,Open cluster
M57,NGC 6720,Ring Nebula,Planetary nebula
C68,NGC 6729,R CrA Nebula,Nebula
C93,NGC 6752,Great Peacock Globular,Globular Cluster
M55,NGC 6809,Specter Cluster,Globular cluster
H51-IV,NGC 6818,Little Gem Nebula,Planetary Nebula
C57,NGC 6822,Barnard's Galaxy,Barred irregular galaxy
C15,NGC 6826,Blinking Planetary,Planetary Nebula
M71,NGC 6838,Angelfish Cluster,Globular cluster
M27,NGC 6853,Dumbbell Nebula,Planetary nebula
C27,NGC 6888,Crescent Nebula,Nebula
H16-IV,NGC 6905,Blue Flash Nebula,Planetary Nebula
M29,NGC 6913,Cooling Tower,Open cluster
C12,NGC 6946,Fireworks Galaxy,Spiral Galaxy
C34,NGC 6960,West Veil Nebula,Supernova Remnant
C33,NGC 6992,East Veil Nebula,Supernova Remnant
C20,NGC 7000,North America Nebula,Nebula
H192-I,NGC 7008,Fetus Nebula,Planetary Nebula
C55,NGC 7009,Saturn Nebula,Planetary Nebula
C55,NGC 7009,Saturn Nebula,Planetary Nebula
C4,NGC 7023,Iris Nebula,Open Cluster and Nebula
M15,NGC 7078,Great Pegasus Cluster,Globular cluster
M30,NGC 7099,Jellyfish Cluster,Globular cluster
C63,NGC 7293,Helix Nebula,Planetary Nebula
H77-VIII,NGC 7380,Wizard Nebula,Open Cluster and Nebula
C44,NGC 7479,Superman Galaxy,Barred Spiral Galaxy
C11,NGC 7635,Bubble Nebula,Nebula
M52,NGC 7654,Scorpion Cluster,Open cluster
C22,NGC 7662,Blue Snowball,Planetary Nebula
H30-VI,NGC 7789,Caroline's Rose,Open Cluster
H30-VI,NGC 7789,Caroline's Haystack,Open Cluster
H30-VI,NGC 7789,White Rose Cluster,Open Cluster
C14,NGC 869,Double Cluster,Open Cluster
C14,NGC 869,H Persei of Double Cluster,Open Cluster
C14,NGC 884,Double Cluster,Open Cluster
C14,NGC 884,Chi Persei Cluster,Open Cluster
C23,NGC 891,Silver Sliver Galaxy,Spiral Galaxy
C9,Sh2-155,Cave Nebula,Nebula
M40,*,Winnecke-4,Star System
M45,*,Pleiades,Open Cluster
M45,*,Seven Sisters,Open Cluster
M45,*,Subaru,Open Cluster
C99,*,Coalsack Nebula,Dark Nebula
C99,*,Coal Sack Nebula,Dark Nebula
